,longitude,latitude,usage
Pershing Square North,-73.977706,40.751873,297583
W 21 St & 6 Ave,-73.99415556,40.74173969,202508
Broadway & E 22 St,-73.98955109,40.7403432,202240
E 17 St & Broadway,-73.99009296,40.73704984,201831
West St & Chambers St,-74.01322069,40.71754834,201374
Broadway & E 14 St,-73.99074142,40.73454567,170297
8 Ave & W 33 St,-73.993934,40.751551,170112
Greenwich Ave & 8 Ave,-74.0026376103,40.7390169121,164515
Cleveland Pl & Spring St,-73.99724900722504,40.722103786686034,163498
W 20 St & 11 Ave,-74.007756,40.746745,162475
12 Ave & W 40 St,-74.00277668,40.76087502,160793
W 41 St & 8 Ave,-73.9900262,40.75640548,159461
Carmine St & 6 Ave,-74.00214988,40.73038599,158380
Central Park S & 6 Ave,-73.97634151,40.76590936,148075
Broadway & W 24 St,-73.98915076,40.7423543,147890
E 47 St & Park Ave,-73.97498696,40.75510267,145355
South End Ave & Liberty St,-74.015756,40.711512,142927
W 18 St & 6 Ave,-73.99456405,40.73971301,141837
W 31 St & 7 Ave,-73.9916,40.749156,139988
W 38 St & 8 Ave,-73.99138152,40.75466591,138304
Christopher St & Greenwich St,-74.00711384,40.73291553,136883
Great Jones St,-73.99379025,40.72743423,132553
Vesey Pl & River Terrace,-74.01658354,40.7153379,132237
University Pl & E 14 St,-73.99200509,40.73492695,129709
W 52 St & 5 Ave,-73.97648516,40.75992262,128467
W 33 St & 7 Ave,-73.99093085,40.75019995,127374
Centre St & Chambers St,-74.0046073,40.71273266,125893
W 26 St & 8 Ave,-73.99723551,40.74734825,122367
E 32 St & Park Ave,-73.98194829,40.7457121,122271
8 Ave & W 31 St,-73.9946848154068,40.7505853470215,122090
Barrow St & Hudson St,-74.00674436,40.73172428,121354
1 Ave & E 68 St,-73.95818491,40.76500525,121107
MacDougal St & Prince St,-74.00297088,40.72710258,120518
9 Ave & W 22 St,-74.00197139,40.7454973,119277
Broadway & W 60 St,-73.98191841,40.76915505,119148
6 Ave & W 33 St,-73.98848395,40.74901271,118005
W 24 St & 7 Ave,-73.99529885,40.74487634,115981
LaGuardia Pl & W 3 St,-73.99810231,40.72917025,113195
Cooper Square & E 7 St,-73.99086803197861,40.72923649910006,113195
E 16 St & 5 Ave,-73.99238967,40.73726186,113089
E 33 St & 2 Ave,-73.976056,40.744023,112971
Broadway & W 58 St,-73.98169333,40.76695317,112738
E 7 St & Avenue A,-73.98379855,40.72621788,112062
E 39 St & 2 Ave,-73.9734419,40.74780373,110766
E 10 St & Avenue A,-73.98142006,40.72740794,110764
Grand Army Plaza & Central Park S,-73.97371465,40.7643971,110747
W 17 St & 8 Ave,-74.00149746,40.74177603,109604
E 12 St & 3 Ave,-73.98889957,40.73223272,108727
E 20 St & 2 Ave,-73.98205027,40.73587678,107859
E 25 St & 2 Ave,-73.97973776,40.73912601,107832
W 15 St & 7 Ave,-73.99931783,40.73935542,107771
Barclay St & Church St,-74.01020234,40.71291224,107196
St Marks Pl & 2 Ave,-73.98713956,40.7284186,106982
9 Ave & W 45 St,-73.9912551,40.76019252,105993
11 Ave & W 27 St,-74.005226,40.751396,105989
W 4 St & 7 Ave S,-74.00293877,40.73401143,105794
W 25 St & 6 Ave,-73.99144871,40.74395411,105746
Mott St & Prince St,-73.99480012,40.72317958,105739
E 14 St & Avenue B,-73.97772429,40.72938685,105546
Broadway & W 29 St,-73.98855723,40.7462009,104734
W 26 St & 10 Ave,-74.002950346,40.749717753,104409
9 Ave & W 18 St,-74.00366443,40.74317449,104259
Lafayette St & Jersey St,-73.99600982666016,40.72430527250332,104247
Greenwich St & W Houston St,-74.008591,40.728846,103951
Broadway & W 32 St,-73.98808416,40.74854862,103730
Broadway & W 49 St,-73.9845272898674,40.76068327096592,103355
W 39 St & 9 Ave,-73.99372222,40.75645824,103281
W 22 St & 10 Ave,-74.00451887,40.74691959,102738
E 11 St & 2 Ave,-73.98672378,40.73047309,102641
Lexington Ave & E 24 St,-73.98409214,40.74025878,102473
E 24 St & Park Ave S,-73.98602213,40.74096374,102395
Lafayette St & E 8 St,-73.9907647,40.73028666,102198
W 13 St & Hudson St,-74.00513872504234,40.73997354103409,101825
W 20 St & 7 Ave,-73.99726235,40.74238787,100684
E 15 St & 3 Ave,-73.986923,40.734232,99442
W 49 St & 8 Ave,-73.98788205,40.76227205,98753
W 16 St & The High Line,-74.00681753,40.74334935,98641
Greenwich St & Warren St,-74.01121978,40.71542197,97379
W 27 St & 7 Ave,-73.993915,40.746647,96606
W 13 St & 6 Ave,-73.99704374,40.73649403,96501
5 Ave & E 29 St,-73.98683077,40.7451677,96181
Little West St & 1 Pl,-74.01677685,40.70569254,95881
Broadway & W 55 St,-73.98192338,40.7652654,95428
Broadway & Battery Pl,-74.01361706,40.70463334,95397
W Broadway & Spring St,-74.00154702,40.72490985,94771
Lexington Ave & E 29 St,-73.98215353488922,40.74311555376486,94299
E 39 St & 3 Ave,-73.97604882,40.7489006,93972
Suffolk St & Stanton St,-73.98517977,40.72066442,93559
1 Ave & E 30 St,-73.97536082,40.74144387,92713
W 22 St & 8 Ave,-73.99915362,40.74475148,92650
W 44 St & 5 Ave,-73.98014437,40.75500254,92052
E 40 St & 5 Ave,-73.9816324043,40.752062307,91272
Pershing Square South,-73.97791,40.751581,90258
E 33 St & 5 Ave,-73.98490707,40.74765947,90123
Penn Station Valet,-73.99692445993422,40.751283596962296,89685
5 Ave & E 73 St,-73.96685276,40.77282817,89319
Greenwich Ave & Charles St,-74.000271,40.735238,89092
Forsyth St & Broome St,-73.99266288,40.71893904,88979
E 13 St & Avenue A,-73.98057249,40.72955361,88872
11 Ave & W 41 St,-73.99884222,40.76030096,88499
E 2 St & Avenue B,-73.98368779,40.72217444,88321
E 11 St & 1 Ave,-73.98426726,40.72953837,87040
E 30 St & Park Ave S,-73.98303529,40.74444921,86513
W 45 St & 8 Ave,-73.98859651,40.75929124,86335
Washington Pl & Broadway,-73.99404649,40.72903917,86026
W 20 St & 8 Ave,-74.00004031,40.74345335,85770
W 43 St & 10 Ave,-73.99461843,40.76009437,85031
E 3 St & 1 Ave,-73.98783413,40.72467721,84856
5 Ave & E 78 St,-73.96388769149779,40.77682863439968,84368
E 48 St & 5 Ave,-73.97805914282799,40.75724567911726,83833
Broadway & W 39 St,-73.98721619,40.75299641,83624
8 Ave & W 52 St,-73.9851615,40.76370739,83410
E 20 St & Park Ave,-73.98751968,40.73827428,83357
Stanton St & Chrystie St,-73.99147535,40.72229346,83312
W 42 St & 8 Ave,-73.99098507,40.7575699,83258
E 58 St & 3 Ave,-73.96724467,40.76095756,82927
E 31 St & 3 Ave,-73.97966069,40.74394314,82870
Amsterdam Ave & W 73 St,-73.98093044757842,40.77966809007312,82526
Canal St & Rutgers St,-73.98990025,40.71427487,81640
E 20 St & FDR Drive,-73.97573881,40.73314259,81032
Sullivan St & Washington Sq,-73.99906065,40.73047747,80955
E 25 St & 1 Ave,-73.97738662,40.7381765,80078
E 16 St & Irving Pl,-73.98758561,40.73524276,79924
W 14 St & The High Line,-74.00803013,40.74195138,79427
W 43 St & 6 Ave,-73.98316936,40.75527307,79419
Central Park West & W 72 St,-73.9762057363987,40.77579376683666,79139
Allen St & Rivington St,-73.98997825,40.72019576,78884
Bank St & Hudson St,-74.00618026,40.73652889,78880
Central Park West & W 85 St,-73.96961715,40.78472675,78297
1 Ave & E 18 St,-73.98054420948029,40.73381219196632,77781
2 Ave & E 31 St,-73.97706058,40.74290902,77666
W 13 St & 5 Ave,-73.99453948,40.73543934,77532
E 85 St & 3 Ave,-73.95407149,40.77801203,77105
1 Ave & E 78 St,-73.9535166,40.77140426,76872
West Thames St,-74.01713445,40.70834698,76442
Allen St & Hester St,-73.99190759,40.71605866,75723
E 23 St & 1 Ave,-73.97809472,40.736502,75318
University Pl & E 8 St,-73.99490341544151,40.73143724085228,75251
Washington St & Gansevoort St,-74.008119,40.739323,75191
E 6 St & Avenue B,-73.98185424,40.72453734,74976
W 47 St & 10 Ave,-73.99301222,40.76269882,74935
Howard St & Centre St,-73.99973337,40.71910537,74496
E 72 St & York Ave,-73.95348296,40.76663814,74406
W 46 St & 11 Ave,-73.99667444,40.76341379,74172
Liberty St & Broadway,-74.01043382,40.70905623,73901
Allen St & Stanton St,-73.989111,40.722055,72926
Broadway & W 51 St,-73.98336183,40.76228826,72287
E 53 St & Lexington Ave,-73.97069431,40.75828065,72267
E 27 St & 1 Ave,-73.976806,40.739445,72033
Columbus Ave & W 72 St,-73.97898475,40.7770575,71858
W 56 St & 6 Ave,-73.97722479,40.76340613,71748
11 Ave & W 59 St,-73.990541,40.771522,71611
FDR Drive & E 35 St,-73.97121214,40.744219,70752
St Marks Pl & 1 Ave,-73.98564945,40.72779126,69815
E 9 St & Avenue C,-73.97768752,40.72521311,69683
MacDougal St & Washington Sq,-73.99852205,40.73226398,69407
W 37 St & 5 Ave,-73.98338988,40.75038009,69038
W 45 St & 6 Ave,-73.98291153,40.7568001,68383
E 19 St & 3 Ave,-73.98473765,40.73624527,68303
1 Ave & E 62 St,-73.96094022,40.7612274,67918
Peck Slip & Front St,-74.00167,40.707873,67902
W 52 St & 11 Ave,-73.99392888,40.76727216,67847
Bayard St & Baxter St,-73.99974372,40.71602118,67543
W 37 St & 10 Ave,-73.9979009,40.75660359,67478
W 63 St & Broadway,-73.98261428,40.77163851,67069
Broadway & W 53 St,-73.98268129,40.76344058,67061
Mercer St & Bleecker St,-73.99662137031554,40.72706363348306,65492
Mercer St & Spring St,-73.99949601,40.72362738,65324
W 42 St & Dyer Ave,-73.99379968643188,40.75898481399634,65243
W 53 St & 10 Ave,-73.99061728,40.76669671,65228
Central Park West & W 68 St,-73.97782542,40.7734066,64930
Grand St & Greene St,-74.00234737,40.72165481,63882
W 34 St & 11 Ave,-74.0021163,40.75594159,63247
Elizabeth St & Hester St,-73.99622440338135,40.71759081805981,62838
South St & Gouverneur Ln,-74.00670227,40.70355377,62715
Bank St & Washington St,-74.00859207,40.7361967,62679
N 6 St & Bedford Ave,-73.95850939,40.71745169,62537
Forsyth St & Canal St,-73.99422366,40.7158155,62412
6 Ave & Canal St,-74.00566443,40.72243797,61715
Broadway & W 41 St,-73.98658032,40.75513557,61614
Kent Ave & N 7 St,-73.96165072917938,40.72036775298455,61508
Lispenard St & Broadway,-74.00247214,40.71939226,61387
E 4 St & 2 Ave,-73.98978041,40.7262807,61001
E 10 St & 5 Ave,-73.99510132,40.73331967,60807
W 67 St & Broadway,-73.98266566,40.77492513,60783
E 45 St & 3 Ave,-73.97282625,40.75255434,60684
S 5 Pl & S 4 St,-73.960876,40.710451,60663
Rivington St & Chrystie St,-73.9919254,40.72110063,60472
E 11 St & Broadway,-73.99158043,40.73261787,60466
E 47 St & 2 Ave,-73.97032517,40.75323098,59784
E 48 St & 3 Ave,-73.971878855,40.7546011026,59598
W 56 St & 10 Ave,-73.988639,40.768254,59510
6 Ave & Broome St,-74.004704,40.724399,59280
E 55 St & 2 Ave,-73.96603308,40.75797322,59184
E 84 St & Park Ave,-73.95772073,40.77862688,58830
Pier 40 - Hudson River Park,-74.01129573583603,40.7277140777778,58232
W 84 St & Broadway,-73.977112,40.7867947,57776
Watts St & Greenwich St,-74.00965965,40.72405549,57479
1 Ave & E 44 St,-73.96905301,40.75001986,57039
E 52 St & 2 Ave,-73.967416,40.756014,56704
Murray St & West St,-74.013012,40.7149787,56248
Washington Pl & 6 Ave,-74.00026394,40.73224119,56127
Wythe Ave & Metropolitan Ave,-73.963198,40.716887,56096
Riverside Blvd & W 67 St,-73.98888587951659,40.777507027547976,56065
1 Ave & E 15 St,-73.98165557,40.73221853,55626
N 8 St & Driggs Ave,-73.95600096,40.71774592,55521
E 53 St & Madison Ave,-73.97402311,40.7597108,55182
W 11 St & 6 Ave,-73.99800419,40.73532427,55171
W 70 St & Amsterdam Ave,-73.98288594,40.77748046,55133
Perry St & Bleecker St,-74.00483091,40.73535398,54268
Franklin St & W Broadway,-74.00666661,40.71911552,54156
Henry St & Grand St,-73.981346,40.714215,54008
Division St & Bowery,-73.9970468,40.71413089,53414
York St & Jay St,-73.98656928,40.7014851,53393
Norfolk St & Broome St,-73.98802084,40.7172274,53109
Leonard St & Church St,-74.005549,40.717571,52608
W 52 St & 9 Ave,-73.98789473,40.76461837,52583
E 55 St & 3 Ave,-73.96865397691727,40.75899655960512,52303
Centre St & Worth St,-74.00234482,40.71494807,51443
Fulton St & Broadway,-74.009447,40.711066,51317
Clinton St & Grand St,-73.9870295,40.71559509,51244
Broadway & W 36 St,-73.98765428,40.75097711,51159
Metropolitan Ave & Bedford Ave,-73.96024116,40.71534825,51125
Hudson St & Reade St,-74.0091059,40.71625008,51125
E 2 St & Avenue C,-73.98085795,40.7208736,50941
Old Fulton St,-73.99383605,40.70277159,50016
Broadway & W 37 St,-73.98753523,40.75172632,49780
1 Ave & E 16 St,-73.98165557,40.73221853,49768
Central Park West & W 76 St,-73.97374737,40.77896784,49468
E 51 St & Lexington Ave,-73.97207836,40.75714758,49193
Bus Slip & State St,-74.013942,40.701907,49089
South St & Whitehall St,-74.01234218,40.70122128,48527
Pearl St & Hanover Square,-74.00926027,40.7047177,48201
Pike St & E Broadway,-73.99293911,40.71406667,48035
Lexington Ave & E 63 St,-73.96648977,40.76440023,47912
W 54 St & 9 Ave,-73.98690506,40.76584941,47783
W 51 St & 6 Ave,-73.98042047,40.7606597,47682
Cliff St & Fulton St,-74.00530063,40.70823502,47514
E 41 St & Madison Ave,-73.97992193698882,40.752165280621966,47112
Fulton St & William St,-74.00653609,40.70955958,47033
Amsterdam Ave & W 82 St,-73.97667321,40.78524672,46509
E 59 St & Madison Ave,-73.97109243,40.76350532,45733
Reade St & Broadway,-74.00562789,40.71450451,45686
W 84 St & Columbus Ave,-73.97283406,40.78499979,45588
Warren St & Church St,-74.00910627,40.71473993,45194
Front St & Washington St,-73.98940236,40.70255088,44933
Lawrence St & Willoughby St,-73.98631746,40.69236178,44880
Spruce St & Nassau St,-74.00552427,40.71146364,44870
Front St & Maiden Ln,-74.00612572,40.70530954,44029
Shevchenko Pl & E 7 St,-73.990214,40.728145,43977
Duane St & Greenwich St,-74.0104554,40.71748752,43832
S 4 St & Wythe Ave,-73.96590294,40.71285887,43230
Milton St & Franklin St,-73.95779,40.72906,42886
Maiden Ln & Pearl St,-74.00731853,40.70706456,42821
E 5 St & Avenue C,-73.97995466,40.72299208,42771
William St & Pine St,-74.00887308,40.70717936,42755
Riverside Dr & W 72 St,-73.98562431335449,40.78057799010334,42680
E 56 St & Madison Ave,-73.972924,40.761628,42610
Vernon Blvd & 50 Ave,-73.95411749,40.74232744,41742
Bedford Ave & Nassau Ave,-73.95212324,40.72311651,41663
Riverside Dr & W 82 St,-73.98128127,40.78720869,41525
W 59 St & 10 Ave,-73.988038,40.770513,41152
E 84 St & 1 Ave,-73.95068615,40.77565541,40918
Bialystoker Pl & Delancey St,-73.98261206,40.71622644,40867
W 76 St & Columbus Ave,-73.97728532552719,40.7801839724239,40752
E 75 St & 3 Ave,-73.95772297,40.77112927,40462
W 64 St & West End Ave,-73.98753759,40.77452835,39827
E 51 St & 1 Ave,-73.96592976,40.75455731,39763
St James Pl & Oliver St,-73.99851193,40.71307916,39603
John St & William St,-74.00722156,40.70862144,39576
W 13 St & 7 Ave,-73.99994661,40.73781509,39552
W 82 St & Central Park West,-73.97137,40.78275,39301
DeKalb Ave & Hudson Ave,-73.981013,40.689888,39276
Harrison St & Hudson St,-74.0090009,40.71870987,38993
W 27 St & 10 Ave,-74.00218427181244,40.75018156325683,38907
9 Ave & W 28 St,-73.99923384189606,40.74937024193277,38778
W 78 St & Broadway,-73.98093133,40.78339981,38634
Old Slip & Front St,-74.00838676,40.7037992,38501
E 2 St & 2 Ave,-73.9894437789917,40.7245634290432,37101
E 43 St & 2 Ave,-73.97121414,40.75022392,37095
Berry St & N 8 St,-73.95852515,40.7190095,36781
E 85 St & York Ave,-73.94803392,40.77536905,36732
Greenwich St & N Moore St,-74.01020609,40.72043411,36505
Catherine St & Monroe St,-73.99682619,40.71117444,36439
E 55 St & Lexington Ave,-73.97031366,40.75968085,36437
3 Ave & E 62 St,-73.96526895,40.76312584,36403
Rivington St & Ridge St,-73.98329859,40.71850211,36401
Avenue D & E 3 St,-73.97793172,40.72082834,36095
E 81 St & York Ave,-73.94989233,40.7728384,35977
5 Ave & E 88 St,-73.95939,40.78307,35967
Water - Whitehall Plaza,-74.0127234,40.70255065,35790
Columbia St & Rivington St,-73.98016555,40.71739973,35492
Madison St & Clinton St,-73.98776323,40.71269042,35474
Queens Plaza North & Crescent St,-73.94073717,40.75110165,35298
E 72 St & Park Ave,-73.96409422159195,40.77118287540658,34500
E 67 St & Park Ave,-73.96592080593109,40.76780080148132,34490
State St & Smith St,-73.98912867,40.68926942,34338
Clark St & Henry St,-73.99344559,40.69760127,34131
E 6 St & Avenue D,-73.97668709,40.72228087,34056
Dean St & 4 Ave,-73.97895137,40.68312489,33480
Riverside Dr & W 78 St,-73.98362492,40.78414472,33448
Clinton Ave & Myrtle Ave,-73.968896,40.693261,33197
8 Ave & W 16 St,-74.001702,40.740983,33030
S 3 St & Bedford Ave,-73.96264403,40.71260486,31564
E 47 St & 1 Ave,-73.96784384,40.75206862,31499
Hanson Pl & St Felix St,-73.97711366415024,40.685159599891776,31274
Henry St & Atlantic Ave,-73.99612349,40.69089272,31023
Schermerhorn St & Court St,-73.99183362722397,40.69102925677968,30924
Stanton St & Mangin St,-73.97628939,40.71782143,30579
Atlantic Ave & Furman St,-73.9999786,40.69165183,30508
Cherry St,-73.97948148,40.71219906,30463
E 81 St & 3 Ave,-73.9567526,40.77573034,30434
9 Ave & W 16 St,-74.00443172,40.74206539,30365
Market St & Cherry St,-73.99400398,40.71076228,30068
Fulton St & Washington Ave,-73.964915,40.683048,29695
Broad St & Bridge St,-74.01167797,40.70365182,29399
W 74 St & Columbus Ave,-73.97754961,40.7785669,29290
Kent Ave & S 11 St,-73.96841526031494,40.707644944175705,29251
Graham Ave & Conselyea St,-73.944507,40.715143,29146
Clinton St & Tillary St,-73.991218,40.696192,28743
Hicks St & Montague St,-73.99595065,40.69512845,28437
Clinton St & Joralemon St,-73.99337909,40.69239502,28225
Central Park North & Adam Clayton Powell Blvd,-73.955613,40.799484,28198
Grand St & Havemeyer St,-73.95698119,40.71286844,28102
Broadway & Berry St,-73.96525063,40.71044554,28081
Nassau Ave & Russell St,-73.94434,40.72557,27772
Atlantic Ave & Fort Greene Pl,-73.97632328,40.68382604,27767
E 80 St & 2 Ave,-73.9543953537941,40.77391390238118,27674
Pearl St & Anchorage Pl,-73.98765762,40.70281858,27669
Jay St & Tech Pl,-73.987167,40.695065,27635
Adelphi St & Myrtle Ave,-73.97178913,40.69308257,27562
Cadman Plaza E & Red Cross Pl,-73.98971773,40.69991755,27385
Cadman Plaza E & Tillary St,-73.99014892,40.69597683,27138
Metropolitan Ave & Meeker Ave,-73.95234386,40.71413311,26843
Greenwich St & North Moore St,-74.01036500930786,40.72015227023285,26760
Willoughby St & Fleet St,-73.9813018,40.69196566,26712
E 58 St & 1 Ave,-73.96226227283478,40.75892386377695,26646
Madison St & Montgomery St,-73.984844,40.713126,26317
Greenpoint Ave & Manhattan Ave,-73.95394,40.73026,26227
Meserole Ave & Manhattan Ave,-73.95299117,40.72708584,26208
Pike St & Monroe St,-73.99193043,40.71173107,25923
Montague St & Clinton St,-73.99230033159256,40.694281141397326,25399
Union Ave & N 12 St,-73.95242,40.71924,25062
Johnson St & Gold St,-73.98362464,40.69474881,24965
46 Ave & 5 St,-73.95451,40.74731,24495
Central Park W & W 96 St,-73.964839,40.79127,24084
Washington Ave & Park Ave,-73.96751037,40.69610226,23968
Montrose Ave & Bushwick Ave,-73.94016171,40.70767788,23830
Huron St & Franklin St,-73.95826,40.73266,23825
Grand St & Elizabeth St,-73.99596,40.718822,23707
Bond St & Schermerhorn St,-73.98410637,40.68807003,23405
Lafayette Ave & Fort Greene Pl,-73.976682,40.68691865,23367
10 Ave & W 28 St,-74.00176802,40.75066386,23090
Macon St & Nostrand Ave,-73.9500479759,40.6809833854,23061
Laight St & Hudson St,-74.00771779,40.72185379,23047
E 71 St & 2 Ave,-73.95910263061523,40.76817546742245,23027
Duffield St & Willoughby St,-73.9842844,40.69221589,22977
Avenue D & E 8 St,-73.97574813,40.72368361,22815
St James Pl & Pearl St,-74.00016545,40.71117416,22742
India St & Manhattan Ave,-73.9550858,40.73232194,22243
Willoughby Ave & Hall St,-73.96536851,40.69196035,22136
Broadway & Roebling St,-73.95982218,40.70925562,21909
DeKalb Ave & Vanderbilt Ave,-73.96885458,40.68940747,21897
E 77 St & 3 Ave,-73.95856158,40.77314236,21815
Driggs Ave & N Henry St,-73.94308,40.72325,21787
Hanson Pl & Ashland Pl,-73.97790759801863,40.68506807308177,21610
Hope St & Union Ave,-73.95141312,40.71167351,20789
Cathedral Pkwy & Broadway,-73.96699104,40.804213,20746
N 12 St & Bedford Ave,-73.95484712,40.72079821,20731
E 60 St & York Ave,-73.959223,40.759107,20444
Fulton St & Rockwell Pl,-73.979382,40.688226,20407
Banker St & Meserole Ave,-73.95621,40.72606,20300
E 61 St & Park Ave,-73.96910458803177,40.76421007169064,19942
East End Ave & E 86 St,-73.94446054,40.77518615,19894
Carlton Ave & Flushing Ave,-73.973736,40.697787,19777
N 11 St & Wythe Ave,-73.95782357,40.72153267,19360
DeKalb Ave & S Portland Ave,-73.97493121,40.68981035,19034
Clinton Ave & Flushing Ave,-73.96986848,40.69794,19022
Columbus Ave & W 95 St,-73.968087,40.7919557,18656
McGuinness Blvd & Eagle St,-73.95284,40.73555,18576
Myrtle Ave & Lewis Ave,-73.93756926,40.69681963,18562
Lefferts Pl & Franklin Ave,-73.9557689392,40.680342423,18463
Brooklyn Bridge Park - Pier 2,-73.99712,40.69878,18358
44 Dr & Jackson Ave,-73.9432635,40.74718234,18245
E 68 St & 3 Ave,-73.96224617958069,40.76712840349542,18183
Roebling St & N 4 St,-73.95739,40.71469,17524
Stagg St & Union Ave,-73.95095259,40.70877084,17523
Front St & Gold St,-73.982578,40.70224,17250
Cumberland St & Lafayette Ave,-73.97265183,40.68753406,17186
Lafayette Ave & Classon Ave,-73.96023854,40.68900443,17172
Avenue D & E 12 St,-73.97422494,40.72580614,17159
Bond St & Fulton St,-73.98304268717766,40.68962188790333,17052
45 Rd & 11 St,-73.94977234,40.74708586,17006
Lafayette Ave & St James Pl,-73.9647628,40.68851534,16851
Pitt St & Stanton St,-73.98178024,40.71926081,16775
Concord St & Bridge St,-73.98476437,40.69766564,16580
Greenwich St & Hubert St,-74.010065,40.721319,16559
Driggs Ave & Lorimer St,-73.9504154,40.72179134,16509
E 81 St & Park Ave,-73.9590097,40.77677702,16336
Emerson Pl & Myrtle Ave,-73.96223558,40.69363137,16259
W 87 St  & Amsterdam Ave,-73.9747,40.78839,16173
Nassau Ave & Newell St,-73.94752621650696,40.724812564400175,16136
E 91 St & 2 Ave,-73.94965589046478,40.78112229934166,16112
Norman Ave & Leonard St,-73.95064893,40.7258483,15971
8 Ave & W 31 St N,-73.99444207549095,40.75096734871598,15874
Franklin St & Dupont St,-73.95866,40.73564,15668
Washington Park,-73.9737299,40.6917823,15631
Fulton St & Clermont Ave,-73.96922273,40.68415748,15558
Fulton St & Grand Ave,-73.9614583,40.68223166,15151
Leonard St & Grand St,-73.94714303,40.71103537,15125
S Portland Ave & Hanson Pl,-73.97431458,40.68539567,15070
W 106 St & Central Park West,-73.9605909006,40.7981856,15054
E 89 St & 3 Ave,-73.9521667,40.7806284,14886
3 Ave & E 71 St,-73.96119945,40.76873687,14632
E 88 St & 1 Ave,-73.9488134,40.778301,14571
W 100 St & Broadway,-73.97041192,40.7973721,14559
Clermont Ave & Lafayette Ave,-73.96968902,40.68764484,14287
5 Ave & E 93 St,-73.957481,40.7857851,14233
Nassau St & Navy St,-73.98068914,40.69839895,14088
E 97 St & Madison Ave,-73.953559,40.787801,13933
E 35 St & 3 Ave,-73.977885,40.746524,13875
W 95 St & Broadway,-73.971888,40.7937704,13665
5 Ave & E 63 St,-73.97147595,40.76650452,13652
Monroe St & Bedford Ave,-73.95380904,40.6851443,13473
Devoe St & Leonard St,-73.94792458,40.71348658,13345
Henry St & Poplar St,-73.991454,40.700469,13327
West End Ave & W 94 St,-73.974124,40.7941654,13222
Lexington Ave & Classon Ave,-73.95928168,40.68676793,13201
S 4 St & Rodney St,-73.95608,40.70934,13052
Yankee Ferry Terminal,-74.016966,40.686931,12990
Carlton Ave & Park Ave,-73.97355569,40.69580705,12942
Bushwick Ave & Powers St,-73.94100005,40.71247661,12717
Amsterdam Ave & W 79 St,-73.9786517,40.7829391,12636
Union Ave & Jackson St,-73.952029,40.7160751,12609
E 74 St & 1 Ave,-73.95482273,40.7689738,12586
Washington Ave & Greene Ave,-73.96563307,40.68650065,12578
Lewis Ave & Madison St,-73.935775,40.686312,12537
Bergen St & Smith St,-73.99063168,40.6867443,12525
7 Ave & Park Pl,-73.97324283,40.6776147,12326
E 77 St & Park Ave,-73.96175265312193,40.774405455003,12261
W 92 St & Broadway,-73.9739,40.7921,12144
Court St & State St,-73.99203074,40.6902375,11994
1 Ave & E 94 St,-73.94594,40.7817212,11884
5 Ave & 3 St,-73.98352355,40.6728155,11782
Soissons Landing,-74.01486575603485,40.69231660719192,11724
3 Ave & Schermerhorn St,-73.9796772,40.68683208,11608
48 Ave & 5 St,-73.9558732509613,40.74436328706688,11489
Graham Ave & Withers St,-73.94485918,40.7169811,11445
Columbia Heights & Cranberry St,-73.99548059,40.70037867,11382
Humboldt St & Varet St,-73.940636,40.7031724,11304
Central Park West & W 102 St,-73.96186,40.795346,11274
Graham Ave & Grand St,-73.944024,40.711863,11272
Scholes St & Manhattan Ave,-73.9448625,40.70870368,11136
Leonard St & Bayard St,-73.94861,40.71928,10964
Plaza St West & Flatbush Ave,-73.97111473,40.6750207,10755
DeKalb Ave & Skillman St,-73.95643107,40.6906495,10709
Grand Army Plaza & Plaza St West,-73.97087984,40.6729679,10629
West Drive & Prospect Park West,-73.97945255041122,40.6610633719006,10565
E 89 St & York Ave,-73.946041,40.7779453,10547
E 37 St & Lexington Ave,-73.978238,40.44535,10508
E 91 St & Park Ave,-73.955327,40.7835016,10484
W 106 St & Amsterdam Ave,-73.9664492472,40.8008363,10416
Clermont Ave & Park Ave,-73.97129668,40.69573398,10162
E 76 St & Park Ave,-73.96222088,40.773763,10143
Willoughby Ave & Walworth St,-73.95381995,40.69331716,9949
E 110 St & Madison Ave,-73.94782145,40.7961535,9714
Myrtle Ave & St Edwards St,-73.97703874,40.69327018,9710
Center Blvd & Borden Ave,-73.96044,40.74161,9675
Henry St & Degraw St,-73.99917254,40.6847514,9585
Carroll St & Smith St,-73.99475825,40.680611,9575
Frost St & Meeker St,-73.94882,40.71764,9545
Riverside Dr & W 104 St,-73.9711457439,40.8013434,9528
E 95 St & 3 Ave,-73.950503,40.7849032,9492
Broadway & Whipple St,-73.9437303,40.7016657,9459
Division Ave & Hooper St,-73.95441667,40.70691254,9422
Graham Ave & Herbert St,-73.94500379,40.71929301,9359
E 88 St & Park Ave,-73.95595908164978,40.781410700190015,9143
Kosciuszko St & Tompkins Ave,-73.9452416,40.69128258,9075
Hancock St & Bedford Ave,-73.95399026,40.68216564,8995
Jackson Ave & 46 Rd,-73.94733276,40.74524768,8814
Central Park West & W 100 St,-73.9635556,40.793393,8762
Franklin Ave & Myrtle Ave,-73.958089,40.694528,8712
Myrtle Ave & Marcy Ave,-73.94954908,40.69539817,8666
Congress St & Clinton St,-73.99520919,40.6881529,8661
3 St & 3 Ave,-73.98775226,40.6750705,8633
Lafayette St & Jersey St N,-73.99565293,40.72456089,8601
Monroe St & Tompkins Ave,-73.944694,40.686203,8595
Tompkins Ave & Hopkins St,-73.94708417,40.69957608,8454
Boerum St & Broadway,-73.94976519,40.70538077,8439
5 Ave & E 103 St,-73.95249933,40.7922553,8416
Union St & 4 Ave,-73.98282002,40.6772744,8354
N 15 St & Wythe Ave,-73.955736,40.724055,8348
Halsey St & Tompkins Ave,-73.944118,40.6823687,8304
Fulton St & Utica Ave,-73.9298911,40.6794268,8205
W 90 St & Amsterdam Ave,-73.97288918495178,40.79017948095081,8197
E 102 St & 1 Ave,-73.94164802,40.7869946,8194
Greene Ave & Nostrand Ave,-73.950916,40.6883337,8033
Allen St & E Houston St,-73.989111,40.722055,7960
Carroll St & 6 Ave,-73.9787282,40.6740886,7942
Leonard St & Manhattan Ave,-73.94898265600203,40.72152240339303,7915
Monroe St & Classon Ave,-73.95881081,40.6845683,7839
Cambridge Pl & Gates Ave,-73.96304,40.68488,7736
Madison Ave & E 99 St,-73.95242929458618,40.78948541553215,7699
Baltic St & 5 Ave,-73.97854971,40.6795766,7548
Leonard St & Boerum St,-73.94644578,40.70583339,7534
Lewis Ave & Kosciuszko St,-73.93705428,40.69237074,7469
India St & East River,-73.96161892,40.73165141,7343
Sands St & Navy St,-73.979927,40.699773,7242
Carroll St & 5 Ave,-73.9814832,40.6751622,7216
Putnam Ave & Throop Ave,-73.94111,40.6851532,7215
Bedford Ave & S 9 St,-73.96408963,40.70853074,7152
Willoughby Ave & Tompkins Ave,-73.94626915,40.69425403,7099
W 88 St & West End Ave,-73.97718340158461,40.79025417330419,6849
21 St & 41 Ave,-73.94267678260802,40.75383343437622,6829
Marcus Garvey Blvd & Macon St,-73.938037,40.682601,6739
McKibbin St & Manhattan Ave,-73.94407279,40.70510918,6712
Warren St & Court St,-73.99383324,40.686371,6695
Lorimer St & Broadway,-73.94818595,40.70411791,6651
Columbia St & Degraw St,-74.00242364,40.6859296,6604
3 St & Prospect Park West,-73.97363831,40.668132,6594
6 Ave & 9 St,-73.98377641,40.668127,6570
W 89 St & Columbus Ave,-73.97041561,40.7882213,6508
E 66 St & Madison Ave,-73.96845281124115,40.76800889305947,6487
Amsterdam Ave & W 66 St,-73.98470567,40.7746671,6480
W 104 St & Amsterdam Ave,-73.9662173778,40.7989937,6461
Kosciuszko St & Nostrand Ave,-73.95133465,40.69072549,6436
Greene Ave & Throop Ave,-73.942061,40.6894932,6337
Prospect Pl & 6 Ave,-73.97519523,40.6793307,6305
West End Ave & W 107 St,-73.9681805305,40.8021174,6301
Madison Ave & E 82 St,-73.96069399,40.7781314,6247
W 107 St & Columbus Ave,-73.9621128676,40.7997568,6188
Clinton St & Union St,-73.99785267,40.6831164,6181
Clinton St & 4 Place,-74.00014502,40.6783563,6178
Kane St & Clinton St,-73.99645295,40.6861758,6146
Douglass St & 4 Ave,-73.98154004,40.6792788,6102
47 Ave & 31 St,-73.93561,40.743,6087
Columbia St & Kane St,-74.0016256,40.68763155,6021
Carroll St & Columbia St,-74.00348559,40.6830456,6005
Cadman Plaza W & Pierrepont St,-73.99052739143372,40.69475701363877,5968
E 68 St & Madison Ave,-73.96703464,40.7691572,5929
Prospect Park West & 8 St,-73.97637605667114,40.66514681533792,5903
E 103 St & Lexington Ave,-73.94755757,40.7903051,5865
14 St & 7 Ave,-73.98396846,40.663779,5864
Union Ave & Wallabout St,-73.95032283,40.70029511,5817
Berkeley Pl & 6 Ave,-73.97846879,40.6765304,5762
Nostrand Ave & Myrtle Ave,-73.95238108,40.69527008,5709
Bond St & Bergen St,-73.98620772,40.6849668,5691
W 87 St & West End Ave,-73.977131,40.790261,5668
Degraw St & Smith St,-73.99318208,40.6829151,5668
9 St & 44 Rd,-73.9521,40.74966,5623
Douglass St & 3 Ave,-73.98432695,40.6802133,5577
10 St & 7 Ave,-73.98199886,40.6662078,5575
E 109 St & 3 Ave,-73.9432083,40.79329668,5553
14 St & 5 Ave,-73.98895053,40.666287,5541
Putnam Ave & Nostrand Ave,-73.94977,40.68402,5508
3 St & 7 Ave,-73.97839676,40.6703837,5458
E 78 St & 2 Ave,-73.95577801,40.7727966,5385
Court St & Nelson St,-73.99869893,40.6763947,5345
W 100 St & Manhattan Ave,-73.9645,40.795,5240
Park Ave & St Edwards St,-73.97803415,40.69608941,5213
Kingston Ave & Herkimer St,-73.94142771,40.67890679,5201
3 Ave & E 72 St,-73.96060712,40.7699426,5191
Reed St & Van Brunt St,-74.01612847,40.6747844,5112
Butler St & Court St,-73.99440329,40.6849894,5097
4 Ave & 9 St,-73.98876585,40.6705135,5049
Verona Pl & Fulton St,-73.9476791024208,40.6803560840434,4970
7 St & 5 Ave,-73.98541675,40.6704922,4950
President St & Henry St,-73.99990419,40.6828003,4948
E 65 St & 2 Ave,-73.96222069859505,40.76471851944339,4932
Berkeley Pl & 7 Ave,-73.97523209452629,40.675146838709786,4930
Richardson St & N Henry St,-73.94223690032959,40.71907891179564,4887
Riverside Dr & W 91 St,-73.97685115,40.7933718,4802
Smith St & 9 St,-73.99785768,40.6746957,4773
Leonard St & Meeker Ave,-73.94820213317871,40.717318403855785,4770
2 Ave  & E 104 St,-73.94370784,40.7892105,4762
Marcy Ave & Lafayette Ave,-73.947915,40.6900815,4746
Garfield Pl & 8 Ave,-73.97484126,40.6711978,4660
W 29 St & 9 Ave,-73.99839279,40.7500727,4480
Park Ave & Marcus Garvey Blvd,-73.941342,40.698617,4454
Lewis Ave & Decatur St,-73.934903,40.6814598,4396
Dean St & Hoyt St,-73.98759104,40.6864442,4390
Cadman Plaza West & Montague St,-73.990539,40.69383,4386
Van Brunt St & Wolcott St,-74.01275056,40.6773429,4369
31 St & Thomson Ave,-73.93540375,40.74469738,4314
21 St & 43 Ave,-73.94594845,40.75052534,4273
Division Ave & Marcy Ave,-73.95796783,40.70708701,4272
Bergen St & Flatbush Ave,-73.97567331790923,40.680944723477296,4272
6 St & 7 Ave,-73.97988067,40.6686627,4252
Pulaski St & Marcus Garvey Blvd,-73.939877,40.6933982,4100
E 102 St & Park Ave,-73.95033068,40.7904828,4071
E 97 St & 3 Ave,-73.94860294,40.7859201,4059
Carroll St & Bond St,-73.99037292,40.6786115,4034
Wyckoff St & 3 Ave,-73.98258555,40.6827549,3985
N Henry St & Richardson St,-73.9424469,40.71921585,3963
E 106 St & 1 Ave,-73.93956237,40.7892529,3904
Throop Ave & Myrtle Ave,-73.94371094,40.69622937,3819
Smith St & 3 St,-73.99599099,40.6787242,3807
E 106 St & Madison Ave,-73.94945003,40.7934337,3767
3 St & Hoyt St,-73.99364123,40.6777287,3717
Pacific St & Nevins St,-73.98302136,40.6853761,3694
10 St & 5 Ave,-73.98700053,40.6686273,3677
1 Pl & Clinton St,-73.99905709,40.6809591,3628
6 Ave & 12 St,-73.9854617,40.6663181,3386
PABT Valet,-73.99379968643188,40.75898481399634,3352
E 76 St & 3 Ave,-73.95842134952545,40.772248537721744,3307
Albany Ave & Fulton St,-73.938475,40.6800105,3080
5 St & 6 Ave,-73.98208968,40.6704836,3031
KentAve&N7 St,-73.96150225,40.72057658,3012
12 St & 4 Ave,-73.9904394,40.668603,2971
Pioneer St & Van Brunt St,-74.011169,40.679043,2945
Commerce St & Van Brunt St,-74.00860912,40.6812117,2818
3 Ave & 14 St,-73.99333264,40.6685455,2723
Hoyt St & Warren St,-73.98901629,40.6843549,2653
Union St & Nevins St,-73.98765474557877,40.67909799721684,2571
7 St & 3 Ave,-73.98983001708984,40.67260298150126,2476
3 Ave & E 100 St,-73.94728331,40.7877214,2329
2 Ave & 9 St,-73.99331394,40.6724811,2314
Degraw St & Hoyt St,-73.99079024791718,40.68199044270703,2263
Coffey St & Conover St,-74.015665,40.677236,1998
Columbus Ave & W 103 St,-73.9643412291,40.7969347,1935
E 106 St & Lexington Ave,-73.945993,40.791976,1919
2 Ave & E 99 St,-73.94552579,40.7862586,1865
NYCBS Depot - SSP,-74.01651,40.646768,1850
Wolcott St & Dwight St,-74.0100698,40.6753274,1712
Railroad Ave & Kay Ave,-73.97100056,40.70531194,1468
Columbia St & Lorraine St,-74.0075572,40.6747055,1428
78 St & 2 Ave,-73.95577801,40.7727966,1362
Henry St & Bay St,-74.00494695,40.6725058,1318
Henry St & W 9 St,-74.00324957,40.6763744,1188
NYCBS Depot - STY,-73.976655,40.729193,1174
Fulton St & Adams St,-73.98949474096298,40.69241829257847,1164
Richards St & Delavan St,-74.00785041,40.6794327,1163
Columbia St & W 9 St,-74.00647134,40.6769993,1004
Pioneer St & Richards St,-74.0094613,40.6777748,946
Clinton St & Centre St,-74.00194698,40.67434,866
Marcy Ave & MacDonough St,-73.94624948501587,40.68061768455451,761
Adventures NYC,-73.97116988897324,40.77376867022874,373
Kiosk in a box Motivate,-74.01630342006683,40.64667789889786,354
NYCBS Depot - PIT,-73.98383796215057,40.71690978045965,337
NYCBS Depot - FAR,-73.996764,40.751483,301
E 40 St & Madison Ave,-73.98043155670166,40.75159368451112,178
Mercer St & Bleecker St S,-73.99695094,40.72679454,151
Bike The Branches - Central Branch,-73.96886587142944,40.67280641227746,148
NYCBS Depot BAL - DYR,0.0,0.0,145
NYCBS Depot - DEL,-73.981933,40.716633,120
4 Ave & 2 St,-73.98501142859459,40.674613422475815,96
Bike in Movie Night | Prospect Park Bandshell,-73.976918,40.662987,79
Bike The Branches - Red Hook Branch,-74.01002034544945,40.67534953067412,49
Bressler,-74.01658773422241,40.64653836709648,36
8D OPS 01,-74.0313720703125,40.51797520038851,20
SSP Tech Workshop,-74.016263,40.646678,20
Paulus Hook,-74.0335519,40.7141454,16
Kiosk in a box Deployment,-73.92850399017334,40.70861098096821,13
3969.TEMP (Bike The Branches - Central Branch),-73.959114,40.722852,12
Essex Light Rail,-74.0364857,40.7127742,12
Exchange Place,-74.0334588,40.7162469,6
Grove St PATH,-74.04294312000275,40.71946109443547,6
Van Vorst Park,-74.047726625,40.71848892,6
Dixon Mills,-74.04996782541275,40.721630142638354,5
City Hall,-74.043845,40.7177325,4
Washington Square E,-73.9957214,40.73049393,4
Baldwin at Montgomery,-74.0641943,40.7236589,3
Newport PATH,-74.0337589,40.7272235,3
2 Ave & E 105 St,-73.94296109,40.7898175,3
Marin Light Rail,-74.04281705617905,40.71458403535893,2
Morris Canal,-74.03852552175522,40.7124188237569,2
Newport Pkwy,-74.0321082,40.7287448,2
Heights Elevator,-74.04044330120087,40.74871594538023,2
Columbus Drive,-74.03891444206238,40.71835519823214,2
Liberty Light Rail,-74.0557013,40.7112423,1
Broadway & E 22 St - Valet Scan,-73.9895511,40.7403432,1
Riverview Park,-74.0439909,40.7443187,1
Hilltop,-74.0575736,40.7311689,1
North St,-74.044725,40.752559,1
Union St,-74.0836394,40.7182113,1
5 Corners Library,-74.0595030784607,40.73496102000952,1
Newark Ave,-74.046304543,40.72152515,1
SSP - Basement,0.0,0.0,1
